"","Dim.1","Dim.2","Dim.3","Dim.4","Dim.5","Dim.6","Dim.7","Dim.8","Dim.9","Dim.10"
"A1",NA,NA,NA,NA,NA,NA,NA,NA,NA,NA
"A3_1",0.490812310715865,NA,NA,NA,0.100100460840382,NA,NA,NA,NA,NA
"A8a",0.209532388566602,NA,NA,NA,NA,NA,NA,NA,NA,NA
"A8b",0.190626367847093,NA,NA,NA,NA,NA,NA,NA,NA,NA
"A13",0.134901317916947,0.384828834344127,NA,NA,NA,NA,NA,NA,NA,NA
"A14",NA,0.220574809528609,NA,NA,NA,NA,NA,NA,NA,NA
"A62",0.194079722583388,NA,NA,NA,NA,NA,NA,NA,NA,NA
"A65",NA,NA,NA,NA,NA,NA,NA,NA,NA,NA
"XA1",NA,0.728513602741942,NA,NA,NA,NA,NA,NA,NA,NA
"XB1",NA,0.726131900720471,NA,NA,NA,NA,NA,NA,NA,NA
"XC1",NA,0.725715896918665,NA,NA,NA,NA,NA,NA,NA,NA
"provinces",0.179209889130084,NA,0.146796374126693,0.118513893850482,0.164178600761555,NA,0.128734646630986,NA,NA,NA
"A2",NA,0.917117521031465,NA,NA,NA,NA,NA,NA,NA,NA
"A4",NA,NA,NA,NA,NA,NA,NA,NA,NA,NA
"A5",NA,NA,NA,NA,NA,NA,NA,NA,NA,NA
"A6",NA,NA,NA,NA,NA,NA,NA,NA,NA,NA
"A7a",0.663329543744106,NA,NA,0.153634755037192,NA,NA,NA,NA,NA,NA
"A9",NA,NA,NA,NA,NA,NA,NA,NA,NA,NA
"A10",0.174988223502281,NA,NA,0.246043630280715,NA,NA,NA,NA,NA,NA
"A12_1",NA,0.120722027340685,NA,NA,NA,NA,NA,NA,NA,NA
"A12_2",NA,NA,NA,NA,NA,NA,NA,NA,NA,NA
"A12_3",NA,NA,NA,NA,NA,NA,NA,NA,NA,NA
"A12_4",0.146579205200141,NA,NA,0.161360806357155,NA,NA,NA,NA,NA,NA
"A12_5",NA,NA,NA,NA,NA,NA,NA,NA,NA,NA
"A12_6",NA,NA,NA,NA,NA,NA,NA,NA,NA,NA
"A12_7",NA,NA,NA,NA,NA,NA,NA,NA,NA,NA
"A12_8",NA,NA,NA,NA,NA,NA,NA,NA,NA,NA
"A12_9",NA,NA,NA,NA,NA,NA,NA,NA,NA,NA
"A12_98",NA,NA,NA,NA,NA,NA,NA,NA,NA,NA
"A12_99",NA,NA,NA,NA,NA,NA,NA,NA,NA,NA
"A15",0.186543864004875,NA,NA,NA,NA,NA,NA,NA,NA,NA
"A16",0.161605684282233,NA,NA,NA,0.103471320237078,NA,NA,NA,NA,NA
"A17",NA,NA,NA,NA,NA,NA,NA,NA,NA,NA
"A18",0.21971237757561,NA,0.1555688560031,NA,0.150365204464814,NA,0.10193312103519,NA,NA,NA
"A21",NA,NA,NA,NA,NA,NA,NA,NA,NA,NA
"A27b",0.228226219376618,NA,0.137278464361401,NA,0.230752401907317,NA,1.10726338677979,NA,NA,0.245795286194139
"A27d",0.226967036301711,NA,0.130893126091474,NA,0.246557730857892,NA,1.20098094940342,NA,NA,0.272002472999818
"A27f",0.264069586611161,NA,0.134637085452609,NA,0.224336396330245,NA,1.16932998288866,0.100085211307171,NA,0.258151023882828
"A27h",0.238971005730174,NA,0.141611410235821,NA,0.243397175072427,NA,1.21860566557467,NA,NA,0.267913574932247
"A28_1",0.113881075688575,NA,NA,NA,NA,NA,NA,NA,NA,NA
"A28_2",0.233849776362147,NA,NA,NA,NA,NA,NA,NA,NA,NA
"A28_3",NA,NA,NA,NA,NA,NA,NA,NA,NA,NA
"A28_4",NA,NA,NA,NA,0.124313006103261,NA,NA,NA,NA,NA
"A28_5",0.487142369832126,NA,NA,NA,NA,NA,NA,NA,NA,NA
"A28_6",0.146391814920922,NA,NA,NA,NA,NA,NA,NA,NA,NA
"A30_1",0.121594803207224,NA,NA,NA,0.101032776971477,NA,NA,NA,NA,NA
"A30_2",0.415590625190017,NA,NA,NA,NA,NA,NA,NA,NA,NA
"A30_3",0.147487439261766,NA,NA,NA,NA,NA,NA,NA,NA,NA
"A30_4",0.362241927455258,NA,NA,NA,NA,NA,NA,NA,NA,NA
"A30_5",0.218816752041065,NA,NA,NA,NA,NA,NA,NA,NA,NA
"A30_6",0.143761491622093,NA,NA,NA,NA,NA,NA,NA,NA,NA
"A30_7",0.355756132573363,NA,NA,NA,NA,NA,NA,NA,NA,NA
"A30_8",0.261529424866148,NA,NA,NA,NA,NA,NA,NA,NA,NA
"A30_9",0.279068947009829,NA,NA,NA,NA,NA,NA,NA,NA,NA
"A30_10",0.123190987056158,NA,NA,NA,NA,NA,NA,NA,NA,NA
"A30_11",NA,NA,NA,NA,NA,NA,NA,NA,NA,NA
"A30_12",0.45529327299204,NA,NA,NA,0.104791064596164,NA,NA,NA,NA,NA
"A30a",NA,NA,NA,NA,NA,NA,NA,NA,NA,NA
"A30b",0.411674015113337,NA,NA,NA,NA,NA,NA,NA,NA,NA
"A31_1",NA,NA,NA,NA,NA,NA,NA,NA,NA,NA
"A31_2",NA,NA,0.121637650790755,NA,NA,NA,NA,NA,NA,NA
"A31_3",0.456921806142816,NA,NA,NA,NA,NA,NA,NA,NA,NA
"A31a",NA,NA,0.141907514768558,NA,NA,NA,NA,NA,NA,NA
"A31b",0.266262466766172,NA,NA,NA,NA,NA,NA,NA,NA,NA
"A32",0.204714408034667,NA,NA,NA,NA,NA,NA,NA,NA,NA
"A33",NA,NA,NA,NA,NA,NA,NA,NA,NA,NA
"A34",NA,NA,NA,NA,NA,NA,NA,NA,NA,NA
"A35",NA,NA,NA,NA,NA,NA,NA,NA,NA,NA
"A41",NA,NA,NA,NA,NA,NA,NA,NA,NA,NA
"A42_1",0.239292159464611,NA,NA,NA,0.141213817186598,NA,NA,NA,NA,NA
"A42_2",0.170579547917368,NA,NA,NA,0.136158785568442,NA,NA,NA,NA,NA
"A42_3",0.12889329385079,NA,NA,NA,0.129905311697251,NA,NA,NA,NA,NA
"A42_5",NA,NA,NA,NA,0.133368730830223,NA,NA,NA,NA,NA
"A49",0.228261209360967,NA,NA,NA,NA,NA,NA,NA,NA,NA
"A50",0.41810413843445,NA,NA,NA,NA,NA,NA,NA,NA,NA
"A51",0.528013475338575,NA,NA,0.105597553099715,NA,NA,NA,NA,NA,NA
"A52",0.504803632942222,NA,NA,NA,NA,NA,NA,NA,NA,NA
"A53",NA,NA,NA,NA,0.19032633038027,NA,NA,NA,NA,NA
"A57b",0.513125699520628,0.104844215543968,NA,0.410987125693258,NA,NA,NA,NA,NA,NA
"A58",0.457807480063921,NA,NA,0.361486665654597,0.21438416443506,NA,NA,NA,NA,NA
"A61_1",NA,NA,NA,NA,NA,NA,NA,NA,NA,NA
"A61_2",NA,NA,NA,0.136547670234728,NA,NA,NA,NA,NA,NA
"A61_3",0.101817478503763,NA,NA,NA,NA,NA,NA,NA,NA,NA
"A61_4",NA,NA,NA,NA,NA,NA,NA,NA,NA,NA
"A66",0.120000699100864,NA,NA,NA,NA,NA,NA,NA,NA,NA
"A67_1",0.185101461191147,NA,NA,NA,NA,NA,NA,NA,NA,NA
"A67_2",0.105387301545826,NA,NA,NA,NA,NA,NA,NA,NA,NA
"A67_3",0.146239393366109,NA,NA,NA,NA,NA,NA,NA,NA,NA
"A67_4",NA,NA,NA,NA,NA,NA,NA,NA,NA,NA
"A67_5",NA,NA,NA,NA,NA,NA,NA,NA,NA,NA
"A67_6",NA,NA,NA,NA,NA,NA,NA,NA,NA,NA
"A67_7",NA,NA,NA,NA,NA,NA,NA,NA,NA,NA
"A67_8",NA,NA,NA,NA,NA,NA,NA,NA,NA,NA
"A67_9",NA,NA,NA,NA,NA,NA,NA,NA,NA,NA
"A67_98",NA,NA,NA,NA,NA,NA,NA,NA,NA,NA
"A67_99",NA,NA,NA,NA,NA,NA,NA,NA,NA,NA
"A68_1",0.247818256274329,NA,NA,NA,NA,NA,NA,NA,NA,NA
"A68_2",0.128270792987192,NA,NA,NA,NA,NA,NA,NA,NA,NA
"A69",0.284697426545203,NA,NA,0.330759392303176,NA,NA,NA,NA,NA,NA
"XA2",NA,NA,NA,NA,NA,NA,NA,NA,NA,NA
"XA3",NA,NA,NA,NA,NA,NA,NA,NA,NA,NA
"XA4",NA,NA,NA,NA,NA,NA,NA,NA,NA,NA
"XA5",NA,NA,NA,NA,NA,NA,NA,NA,NA,NA
"XA6",NA,0.914747062197119,NA,NA,NA,NA,NA,NA,NA,NA
"XB2",NA,NA,NA,NA,NA,NA,NA,NA,NA,NA
"XB3",NA,NA,NA,NA,NA,NA,NA,NA,NA,NA
"XB4",NA,NA,NA,NA,NA,NA,NA,NA,NA,NA
"XB5",NA,NA,NA,NA,NA,NA,NA,NA,NA,NA
"XB6",NA,0.915390716627996,NA,NA,NA,NA,NA,NA,NA,NA
"XC2",NA,NA,NA,NA,NA,NA,NA,NA,NA,NA
"XC3",NA,NA,NA,NA,NA,NA,NA,NA,NA,NA
"XC4",NA,NA,NA,NA,NA,NA,NA,NA,NA,NA
"XC5",NA,NA,NA,NA,NA,NA,NA,NA,NA,NA
"XC6",NA,0.91372479836417,NA,NA,NA,NA,NA,NA,NA,NA
"B2",0.239440609870842,NA,NA,NA,NA,NA,NA,NA,NA,NA
"CC111",NA,NA,NA,NA,NA,NA,NA,NA,NA,NA
"CC111_1",NA,NA,NA,NA,NA,NA,NA,NA,NA,NA
"C101_1",NA,NA,NA,NA,NA,NA,NA,NA,NA,NA
"CC112",NA,NA,NA,NA,NA,NA,NA,NA,NA,NA
"CC112_1",NA,NA,NA,NA,NA,NA,NA,NA,NA,NA
"C102_1",NA,NA,NA,NA,NA,NA,NA,NA,NA,NA
"CC113",NA,NA,NA,NA,NA,NA,NA,NA,NA,NA
"CC113_1",NA,NA,NA,NA,NA,NA,NA,NA,NA,NA
"C103_1",NA,NA,NA,NA,NA,NA,NA,NA,NA,NA
"C2_C203",NA,NA,NA,NA,NA,NA,NA,NA,NA,NA
"C2_C204",0.196200321625178,NA,NA,NA,NA,NA,NA,NA,NA,NA
"C2_C205",NA,NA,NA,NA,NA,NA,NA,NA,NA,NA
"C2_C206",0.177575394945555,NA,NA,NA,0.102655686997662,NA,NA,NA,NA,NA
"V1",NA,NA,NA,NA,NA,NA,NA,NA,NA,NA
"D27_b",NA,NA,NA,NA,NA,NA,NA,NA,NA,0.149751414018588
"D27_c",NA,NA,NA,NA,NA,NA,NA,NA,NA,0.12762953628072
"D27_d",NA,NA,NA,NA,NA,NA,NA,NA,NA,0.173490614593106
"D27_e",NA,NA,NA,NA,NA,NA,NA,NA,NA,0.175609585872333
"D29_a",NA,NA,NA,NA,NA,NA,NA,NA,NA,0.136864951229351
"D29_b",NA,NA,NA,NA,NA,NA,NA,NA,NA,0.117509260076566
"D30_b",NA,NA,NA,NA,NA,NA,NA,NA,NA,NA
"D31",NA,NA,NA,NA,0.167916766686814,NA,NA,NA,NA,NA
"D33",NA,NA,NA,NA,NA,NA,NA,NA,NA,NA
"D34_a",NA,NA,NA,NA,NA,NA,NA,NA,NA,NA
