"","Dim.1","Dim.2","Dim.3","Dim.4","Dim.5","Dim.6","Dim.7","Dim.8","Dim.9","Dim.10"
"A1",NA,NA,NA,NA,NA,NA,NA,NA,NA,NA
"A3_1",0.487132969015045,NA,0.107076389773594,NA,NA,NA,NA,NA,NA,NA
"A8a",0.209574760392333,NA,NA,NA,NA,NA,NA,NA,NA,NA
"A8b",0.191546398195932,NA,NA,NA,NA,NA,NA,NA,NA,NA
"A13",0.138933097676293,0.38339211899953,NA,NA,NA,NA,NA,NA,NA,NA
"A14",NA,0.221030974341967,NA,NA,NA,NA,NA,NA,NA,NA
"A62",0.194565963254171,NA,NA,NA,NA,NA,NA,NA,NA,NA
"A65",NA,NA,NA,NA,NA,NA,NA,NA,NA,NA
"XA1",NA,0.728640332861428,NA,NA,NA,NA,NA,NA,NA,NA
"XB1",NA,0.726327412242871,NA,NA,NA,NA,NA,NA,NA,NA
"XC1",NA,0.725833622921568,NA,NA,NA,NA,NA,NA,NA,NA
"provinces",0.171101839696371,NA,0.217491052525425,0.119339010099919,0.105124621403967,NA,NA,NA,NA,NA
"A2",NA,0.917357328044537,NA,NA,NA,NA,NA,NA,NA,NA
"A4",NA,NA,NA,NA,NA,NA,NA,NA,NA,NA
"A5",NA,NA,NA,NA,NA,NA,NA,NA,NA,NA
"A6",NA,NA,NA,NA,NA,NA,NA,NA,NA,NA
"A7a",0.661406615625418,NA,NA,0.169635389485496,NA,NA,NA,NA,NA,NA
"A9",NA,NA,NA,NA,NA,NA,NA,NA,NA,NA
"A10",0.168467089394353,NA,NA,0.251122651323635,NA,NA,NA,NA,NA,NA
"A12_1",NA,0.12002618283531,NA,NA,NA,NA,NA,NA,NA,NA
"A12_2",NA,NA,NA,NA,NA,NA,NA,NA,NA,NA
"A12_3",NA,NA,NA,NA,NA,NA,NA,NA,NA,NA
"A12_4",0.143418698205434,NA,NA,0.164730800800978,NA,NA,NA,NA,NA,NA
"A12_5",NA,NA,NA,NA,NA,NA,NA,NA,NA,NA
"A12_6",NA,NA,NA,NA,NA,NA,NA,NA,NA,NA
"A12_7",NA,NA,NA,NA,NA,NA,NA,NA,NA,NA
"A12_8",NA,NA,NA,NA,NA,NA,NA,NA,NA,NA
"A12_9",NA,NA,NA,NA,NA,NA,NA,NA,NA,NA
"A12_98",NA,NA,NA,NA,NA,NA,NA,NA,NA,NA
"A12_99",NA,NA,NA,NA,NA,NA,NA,NA,NA,NA
"A15",0.185959969725368,NA,NA,NA,NA,NA,NA,NA,NA,NA
"A16",0.163633372613367,NA,NA,NA,NA,NA,NA,NA,NA,NA
"A17",NA,NA,NA,NA,NA,NA,NA,NA,NA,NA
"A18",0.210217776048404,NA,0.227509236526085,NA,NA,NA,NA,NA,NA,NA
"A21",NA,NA,NA,NA,NA,NA,NA,NA,NA,NA
"A27b",0.227139307074948,NA,0.34158332831737,0.138089658025763,0.172400544642122,0.404916143399915,0.605593985032006,0.711180494257981,0.405865986886345,0.123323827410711
"A27d",0.226756534028725,NA,0.353495120090654,0.149957909299139,0.189498485439744,0.432601764104459,0.657641465457085,0.77869563930839,0.437516907358879,0.140775297717415
"A27f",0.262763807452577,NA,0.351739583868384,0.150470453794164,0.164509412061673,0.422413799682507,0.634801215275055,0.765623610296853,0.415879304867881,0.131682961020429
"A27h",0.237820774948683,NA,0.36573949723348,0.149635344852811,0.183626689264259,0.42995278710678,0.671065137619473,0.784888286341718,0.448571310286055,0.135871001526728
"A28_1",0.110581900410492,NA,NA,NA,NA,NA,NA,NA,NA,NA
"A28_2",0.233334877635033,NA,NA,NA,NA,NA,NA,NA,NA,NA
"A28_3",NA,NA,NA,NA,NA,NA,NA,NA,NA,NA
"A28_4",NA,NA,0.111732767960184,NA,NA,NA,NA,NA,NA,NA
"A28_5",0.485921308365196,NA,NA,NA,NA,NA,NA,NA,NA,NA
"A28_6",0.14674546245432,NA,NA,NA,NA,NA,NA,NA,NA,NA
"A30_1",0.119374274143495,NA,NA,NA,NA,NA,NA,NA,NA,NA
"A30_2",0.414645171382657,NA,NA,NA,NA,NA,NA,NA,NA,NA
"A30_3",0.145121357801077,NA,NA,NA,NA,NA,NA,NA,NA,NA
"A30_4",0.357936637563677,NA,0.116896872292139,NA,NA,NA,NA,NA,NA,NA
"A30_5",0.218891480733745,NA,NA,NA,NA,NA,NA,NA,NA,NA
"A30_6",0.141867573450972,NA,NA,NA,NA,NA,NA,NA,NA,NA
"A30_7",0.353088239436143,NA,NA,NA,NA,NA,NA,NA,NA,NA
"A30_8",0.259062106351915,NA,NA,NA,NA,NA,NA,NA,NA,NA
"A30_9",0.275374198869537,NA,NA,NA,NA,NA,NA,NA,NA,NA
"A30_10",0.123233541714803,NA,NA,NA,NA,NA,NA,NA,NA,NA
"A30_11",NA,NA,NA,NA,NA,NA,NA,NA,NA,NA
"A30_12",0.455095618409884,NA,NA,NA,NA,NA,NA,NA,NA,NA
"A30a",NA,NA,NA,NA,NA,NA,NA,NA,NA,NA
"A30b",0.412216241925658,NA,NA,NA,NA,NA,NA,NA,NA,NA
"A31_1",NA,NA,NA,NA,NA,NA,NA,NA,NA,NA
"A31_2",NA,NA,0.136358132046759,NA,NA,NA,NA,NA,NA,NA
"A31_3",0.452137868937672,NA,0.103337758538238,NA,NA,NA,NA,NA,NA,NA
"A31a",NA,NA,0.150582947282899,NA,NA,NA,NA,NA,NA,NA
"A31b",0.262674240090145,NA,NA,NA,NA,NA,NA,NA,NA,NA
"A32",0.204776934082444,NA,NA,NA,NA,NA,NA,NA,NA,NA
"A33",NA,NA,NA,NA,NA,NA,NA,NA,NA,NA
"A34",NA,NA,NA,NA,NA,NA,NA,NA,NA,NA
"A35",NA,NA,NA,NA,NA,NA,NA,NA,NA,NA
"A41",NA,NA,NA,NA,NA,NA,NA,NA,NA,NA
"A42_1",0.240556248747726,NA,NA,NA,0.115936804426251,NA,NA,NA,NA,NA
"A42_2",0.17218913668721,NA,NA,NA,0.117226901951696,NA,NA,NA,NA,NA
"A42_3",0.130019898196772,NA,NA,NA,0.111802356420198,NA,NA,NA,NA,NA
"A42_5",NA,NA,NA,NA,0.122687092382752,NA,NA,NA,NA,NA
"A49",0.224833027470557,NA,NA,NA,NA,NA,NA,NA,NA,NA
"A50",0.412042151291437,NA,0.130687465877291,NA,NA,NA,NA,NA,NA,NA
"A51",0.525261039321355,NA,NA,0.119245019976708,NA,NA,NA,NA,NA,NA
"A52",0.502801607171721,NA,NA,0.10756867517813,NA,NA,NA,NA,NA,NA
"A53",NA,NA,0.123483523562937,NA,0.16258181234058,NA,NA,NA,NA,NA
"A57b",0.505574421474498,NA,NA,0.425254210700928,NA,NA,NA,NA,NA,NA
"A58",0.449738072120356,NA,0.159931737053163,0.371749430107463,0.165147079658158,NA,NA,NA,NA,NA
"A61_1",NA,NA,NA,NA,NA,NA,NA,NA,NA,NA
"A61_2",NA,NA,NA,0.137041799577505,NA,NA,NA,NA,NA,NA
"A61_3",0.102517262131134,NA,NA,NA,NA,NA,NA,NA,NA,NA
"A61_4",NA,NA,NA,NA,NA,NA,NA,NA,NA,NA
"A66",0.121977534567741,NA,NA,NA,NA,NA,NA,NA,NA,NA
"A67_1",0.182524831495739,NA,NA,NA,NA,NA,NA,NA,NA,NA
"A67_2",0.102863479447242,NA,NA,NA,NA,NA,NA,NA,NA,NA
"A67_3",0.145019081460806,NA,NA,NA,NA,NA,NA,NA,NA,NA
"A67_4",NA,NA,NA,NA,NA,NA,NA,NA,NA,NA
"A67_5",NA,NA,NA,NA,NA,NA,NA,NA,NA,NA
"A67_6",NA,NA,NA,NA,NA,NA,NA,NA,NA,NA
"A67_7",NA,NA,NA,NA,NA,NA,NA,NA,NA,NA
"A67_8",NA,NA,NA,NA,NA,NA,NA,NA,NA,NA
"A67_9",NA,NA,NA,NA,NA,NA,NA,NA,NA,NA
"A67_98",NA,NA,NA,NA,NA,NA,NA,NA,NA,NA
"A67_99",NA,NA,NA,NA,NA,NA,NA,NA,NA,NA
"A68_1",0.247077160444064,NA,NA,NA,NA,NA,NA,NA,NA,NA
"A68_2",0.128021236150432,NA,NA,NA,NA,NA,NA,NA,NA,NA
"A69",0.279342960011369,NA,NA,0.339393143786061,NA,NA,NA,NA,NA,NA
"XA2",NA,NA,NA,NA,NA,NA,NA,NA,NA,NA
"XA3",NA,NA,NA,NA,NA,NA,NA,NA,NA,NA
"XA4",NA,NA,NA,NA,NA,NA,NA,NA,NA,NA
"XA5",NA,NA,NA,NA,NA,NA,NA,NA,NA,NA
"XA6",NA,0.915218925550334,NA,NA,NA,NA,NA,NA,NA,NA
"XB2",NA,NA,NA,NA,NA,NA,NA,NA,NA,NA
"XB3",NA,NA,NA,NA,NA,NA,NA,NA,NA,NA
"XB4",NA,NA,NA,NA,NA,NA,NA,NA,NA,NA
"XB5",NA,NA,NA,NA,NA,NA,NA,NA,NA,NA
"XB6",NA,0.915746424967372,NA,NA,NA,NA,NA,NA,NA,NA
"XC2",NA,NA,NA,NA,NA,NA,NA,NA,NA,NA
"XC3",NA,NA,NA,NA,NA,NA,NA,NA,NA,NA
"XC4",NA,NA,NA,NA,NA,NA,NA,NA,NA,NA
"XC5",NA,NA,NA,NA,NA,NA,NA,NA,NA,NA
"XC6",NA,0.914213916175418,NA,NA,NA,NA,NA,NA,NA,NA
"B2",0.240191249378023,NA,NA,NA,NA,NA,NA,NA,NA,NA
"CC111",NA,NA,NA,NA,NA,NA,NA,NA,NA,NA
"CC111_1",NA,NA,NA,NA,NA,NA,NA,NA,NA,NA
"C101_1",NA,NA,NA,NA,NA,NA,NA,NA,NA,NA
"CC112",NA,NA,NA,NA,NA,NA,NA,NA,NA,NA
"CC112_1",NA,NA,NA,NA,NA,NA,NA,NA,NA,NA
"C102_1",NA,NA,NA,NA,NA,NA,NA,NA,NA,NA
"CC113",NA,NA,NA,NA,NA,NA,NA,NA,NA,NA
"CC113_1",NA,NA,NA,NA,NA,NA,NA,NA,NA,NA
"C103_1",NA,NA,NA,NA,NA,NA,NA,NA,NA,NA
"C2_C203",NA,NA,NA,NA,NA,NA,NA,NA,NA,NA
"C2_C204",0.194784577429338,NA,NA,NA,NA,NA,NA,NA,NA,NA
"C2_C205",NA,NA,NA,NA,NA,NA,NA,NA,NA,NA
"C2_C206",0.177318760180495,NA,NA,NA,NA,NA,NA,NA,NA,NA
"V1",NA,NA,NA,NA,NA,NA,NA,NA,NA,NA
"D27_b",NA,NA,NA,NA,NA,NA,NA,NA,NA,0.13831857107665
"D27_c",NA,NA,NA,NA,NA,NA,NA,NA,NA,0.115341831194653
"D27_d",NA,NA,NA,NA,NA,NA,NA,NA,NA,0.159342693690622
"D27_e",NA,NA,NA,NA,NA,NA,NA,NA,NA,0.161457137724535
"D29_a",NA,NA,NA,NA,NA,NA,NA,NA,NA,0.127263024665756
"D29_b",NA,NA,NA,NA,NA,NA,NA,NA,NA,0.109245530080371
"D30_b",NA,NA,NA,NA,NA,NA,NA,NA,NA,NA
"D31",NA,NA,NA,NA,0.147457903985755,NA,NA,NA,NA,NA
"D33",NA,NA,NA,NA,NA,NA,NA,NA,NA,NA
"D34_a",NA,NA,NA,NA,NA,NA,NA,NA,NA,NA
